{"cameraMode":{"drawMode":0,"name":"Shaded","section":"Shading Mode"},"sceneLighting":true,"audioPlay":false,"sceneViewState":{"showFog":true,"showMaterialUpdate":false,"showSkybox":true,"showFlares":true,"showImageEffects":true,"showParticleSystems":true},"in2DMode":false,"pivot":{"x":17.131031036376954,"y":-10.807714462280274,"z":96.71324157714844},"rotation":{"x":0.15977013111114503,"y":-0.14805859327316285,"z":0.024244369938969613,"w":0.9756866097450256},"size":101.15423583984375,"orthographic":false}